job_name                                                    ;walltime  ;nnode_fc  ;ntask_fc  ;nopmp_fc  ;nnode_io  ;ntask_io  ;nopmp_io  ;
L3_FCST_HYD_EUL_VFD_ADIAB_PGAL                              ;        10;         2;        16;         8;         0;         0;         0;
L3_FCTI_HYD_EUL_VFD_ADIAB_PGAL                              ;        10;         2;        16;         8;         0;         0;         0;
L3_FCST_HYD_SL3_VFD_ADIAB_PGAL                              ;        10;         2;        16;         8;         0;         0;         0;
L3_FCTI_HYD_SL3_VFD_ADIAB_PGAL                              ;        10;         2;        16;         8;         0;         0;         0;
L3_FCST_HYD_SL3_VFE_ADIAB_PGAL                              ;        10;         2;        16;         8;         0;         0;         0;
L3_FCTI_HYD_SL3_VFE_ADIAB_PGAL                              ;        10;         2;        16;         8;         0;         0;         0;
L3_FCST_HYD_SL3_VFD_ADIAB_SLHD_PGAL                         ;        10;         2;        16;         8;         0;         0;         0;
L3_FCTI_HYD_SL3_VFD_ADIAB_SLHD_PGAL                         ;        10;         2;        16;         8;         0;         0;         0;
L3_FCST_HYD_SL2_VFD_ADIAB_PGAL                              ;        10;         2;        16;         8;         0;         0;         0;
L3_FCTI_HYD_SL2_VFD_ADIAB_PGAL                              ;        10;         2;        16;         8;         0;         0;         0;
L3_FCST_HYD_SL2_VFE_ADIAB_PGAL                              ;        10;         2;        16;         8;         0;         0;         0;
L3_FCTI_HYD_SL2_VFE_ADIAB_PGAL                              ;        10;         2;        16;         8;         0;         0;         0;
L3_FCST_HYD_SL2_CVFE_ADIAB_PGAL                             ;        10;         2;        16;         8;         0;         0;         0;
L3_FCST_HYD_SL2_VFD_ADIAB_SLHD_PGAL                         ;        10;         2;        16;         8;         0;         0;         0;
L3_FCTI_HYD_SL2_VFD_ADIAB_SLHD_PGAL                         ;        10;         2;        16;         8;         0;         0;         0;
L3_C501_HYD_EUL_VFD_ADIAB_PGAL                              ;        10;         2;        16;         8;         0;         0;         0;
L3_C501_HYD_SL2_VFD_ADIAB_PGAL                              ;        10;         2;        16;         8;         0;         0;         0;
L3_C501_HYD_SL2_VFE_ADIAB_PGAL                              ;        10;         2;        16;         8;         0;         0;         0;
L3_C401_HYD_EUL_VFD_ADIAB_PGAL                              ;        10;         2;        16;         8;         0;         0;         0;
L3_C401_HYD_SL2_VFD_ADIAB_PGAL                              ;        10;         2;        16;         8;         0;         0;         0;
L3_C401_HYD_SL2_VFE_ADIAB_PGAL                              ;        10;         2;        16;         8;         0;         0;         0;
L3_C601_HYD_EUL_VFD_VSIPHY_PGAL                             ;        10;         2;        16;         8;         0;         0;         0;
L3_C601_HYD_SL2_VFD_VSIPHY_PGAL                             ;        10;         2;        16;         8;         0;         0;         0;
L3_C601_HYD_SL2_VFE_VSIPHY_PGAL                             ;        10;         2;        16;         8;         0;         0;         0;
L3_FCST_NHE_EUL_VFD_ADIAB_FROC                              ;        10;         2;        16;         8;         0;         0;         0;
L3_FCTI_NHE_EUL_VFD_ADIAB_FROC                              ;        10;         2;        16;         8;         0;         0;         0;
L3_FCST_NHQ_EUL_VFD_ADIAB_FROC                              ;        10;         2;        16;         8;         0;         0;         0;
L3_FCTI_NHQ_EUL_VFD_ADIAB_FROC                              ;        10;         2;        16;         8;         0;         0;         0;
L3_FCST_NHE_SL3_VFD_ADIAB_RDBBC2_FROC                       ;        10;         2;        16;         8;         0;         0;         0;
L3_FCTI_NHE_SL3_VFD_ADIAB_RDBBC2_FROC                       ;        10;         2;        16;         8;         0;         0;         0;
L3_FCST_NHQ_SL3_VFD_ADIAB_RDBBC2_FROC                       ;        10;         2;        16;         8;         0;         0;         0;
L3_FCTI_NHQ_SL3_VFD_ADIAB_RDBBC2_FROC                       ;        10;         2;        16;         8;         0;         0;         0;
L3_FCST_NHE_SL2_VFD_ADIAB_RDBBC2_PCC_FROC                   ;        10;         2;        16;         8;         0;         0;         0;
L3_FCTI_NHE_SL2_VFD_ADIAB_RDBBC2_PCC_FROC                   ;        10;         2;        16;         8;         0;         0;         0;
L3_FCST_NHE_SL2_VFD_ADIAB_RDBBC2_PCF_FROC                   ;        10;         2;        16;         8;         0;         0;         0;
L3_FCTI_NHE_SL2_VFD_ADIAB_RDBBC2_PCF_FROC                   ;        10;         2;        16;         8;         0;         0;         0;
L3_FCST_NHE_SL2_VFD_ADIAB_GWADV2_PCC_FROC                   ;        10;         2;        16;         8;         0;         0;         0;
L3_FCTI_NHE_SL2_VFD_ADIAB_GWADV2_PCC_FROC                   ;        10;         2;        16;         8;         0;         0;         0;
L3_FCST_NHE_SL2_VFD_ADIAB_GWADV2_PCF_FROC                   ;        10;         2;        16;         8;         0;         0;         0;
L3_FCST_NHE_SL2_VFD_ADIAB_GWADV5_PCF_FROC                   ;        10;         2;        16;         8;         0;         0;         0;
L3_FCTI_NHE_SL2_VFD_ADIAB_GWADV2_PCF_FROC                   ;        10;         2;        16;         8;         0;         0;         0;
L3_FCST_NHE_SL2_VFE_ADIAB_GWADV2_PCF_FROC                   ;        10;         2;        16;         8;         0;         0;         0;
L3_FCTI_NHE_SL2_VFE_ADIAB_GWADV2_PCF_FROC                   ;        10;         2;        16;         8;         0;         0;         0;
L3_FCTI_NHE_SL2_VFD_ADIAB_NGWADV2_PCF_FROC                  ;        10;         2;        16;         8;         0;         0;         0;
L3_FCTI_NHE_SL2_VFE_ADIAB_NGWADV2_PCF_FROC                  ;        10;         2;        16;         8;         0;         0;         0;
L3_FCST_NHE_SL2_CVFE_ADIAB_GWADV2_PCF_FROC                  ;        10;         2;        16;         8;         0;         0;         0;
L3_FCST_NHQ_SL2_VFD_ADIAB_RDBBC2_PCC_FROC                   ;        10;         2;        16;         8;         0;         0;         0;
L3_FCTI_NHQ_SL2_VFD_ADIAB_RDBBC2_PCC_FROC                   ;        10;         2;        16;         8;         0;         0;         0;
L3_FCST_NHQ_SL2_VFD_ADIAB_RDBBC2_PCF_FROC                   ;        10;         2;        16;         8;         0;         0;         0;
L3_FCTI_NHQ_SL2_VFD_ADIAB_RDBBC2_PCF_FROC                   ;        10;         2;        16;         8;         0;         0;         0;
L3_FCST_NHQ_SL2_VFD_ADIAB_GWADV2_PCC_FROC                   ;        10;         2;        16;         8;         0;         0;         0;
L3_FCTI_NHQ_SL2_VFD_ADIAB_GWADV2_PCC_FROC                   ;        10;         2;        16;         8;         0;         0;         0;
L3_FCST_NHQ_SL2_VFD_ADIAB_GWADV2_PCF_FROC                   ;        10;         2;        16;         8;         0;         0;         0;
L3_FCTI_NHQ_SL2_VFD_ADIAB_GWADV2_PCF_FROC                   ;        10;         2;        16;         8;         0;         0;         0;
L3_FCST_NHQ_SL2_VFE_ADIAB_GWADV2_PCF_FROC                   ;        10;         2;        16;         8;         0;         0;         0;
L3_FCTI_NHQ_SL2_VFE_ADIAB_GWADV2_PCF_FROC                   ;        10;         2;        16;         8;         0;         0;         0;
L1_FCST_HYD_SL2_VFD_ARPPHY1D                                ;        10;         1;         1;       128;         0;         0;         0;
L1_FCST_HYD_SL2_VFD_AROPHY1D                                ;        10;         1;         1;       128;         0;         0;         0;
L2_FCST_HYD_SL3_VFD_ADIAB                                   ;        10;         1;         1;       128;         0;         0;         0;
L2_FCTI_HYD_SL3_VFD_ADIAB                                   ;        10;         1;         1;       128;         0;         0;         0;
L2_FCST_HYD_SL2_VFD_ADIAB                                   ;        10;         1;         1;       128;         0;         0;         0;
L2_FCTI_HYD_SL2_VFD_ADIAB                                   ;        10;         1;         1;       128;         0;         0;         0;
L2_FCST_NHE_EUL_VFD_ADIAB                                   ;        10;         1;         1;       128;         0;         0;         0;
L2_FCST_NHQ_EUL_VFD_ADIAB                                   ;        10;         1;         1;       128;         0;         0;         0;
L2_FCST_NHE_SL3_VFD_ADIAB                                   ;        10;         1;         1;       128;         0;         0;         0;
L2_FCTI_NHE_SL3_VFD_ADIAB                                   ;        10;         1;         1;       128;         0;         0;         0;
L2_FCST_NHQ_SL3_VFD_ADIAB                                   ;        10;         1;         1;       128;         0;         0;         0;
L2_FCTI_NHQ_SL3_VFD_ADIAB                                   ;        10;         1;         1;       128;         0;         0;         0;
L2_FCST_NHE_SL2_VFD_ADIAB_RDBBC2_PCF_SETTLS                 ;        10;         1;         1;       128;         0;         0;         0;
L2_FCTI_NHE_SL2_VFD_ADIAB_RDBBC2_PCF_SETTLS                 ;        10;         1;         1;       128;         0;         0;         0;
L2_FCST_NHE_SL2_VFD_ADIAB_RDBBC2_PCF_NESC                   ;        10;         1;         1;       128;         0;         0;         0;
L2_FCTI_NHE_SL2_VFD_ADIAB_RDBBC2_PCF_NESC                   ;        10;         1;         1;       128;         0;         0;         0;
L2_FCST_NHE_SL2_VFD_ADIAB_GWADV2_PCF_NESC                   ;        10;         1;         1;       128;         0;         0;         0;
L2_FCTI_NHE_SL2_VFD_ADIAB_GWADV2_PCF_NESC                   ;        10;         1;         1;       128;         0;         0;         0;
L2_FCST_NHQ_SL2_VFD_ADIAB_RDBBC2_PCF_SETTLS                 ;        10;         1;         1;       128;         0;         0;         0;
L2_FCTI_NHQ_SL2_VFD_ADIAB_RDBBC2_PCF_SETTLS                 ;        10;         1;         1;       128;         0;         0;         0;
L2_FCST_NHQ_SL2_VFD_ADIAB_RDBBC2_PCF_NESC                   ;        10;         1;         1;       128;         0;         0;         0;
L2_FCTI_NHQ_SL2_VFD_ADIAB_RDBBC2_PCF_NESC                   ;        10;         1;         1;       128;         0;         0;         0;
L2_FCST_NHQ_SL2_VFD_ADIAB_GWADV2_PCF_NESC                   ;        10;         1;         1;       128;         0;         0;         0;
L2_FCTI_NHQ_SL2_VFD_ADIAB_GWADV2_PCF_NESC                   ;        10;         1;         1;       128;         0;         0;         0;
GM_FPOF_HYD_SPLELAM_COU                                     ;        10;         8;        16;         8;         0;         0;         0;
GM_FPOF_HYD_SPLELAM_ARU                                     ;        10;         8;        16;         8;         0;         0;         0;
L3_FPOF_HYD_SPLELAM_ARUNES                                  ;        10;         8;        16;         8;         0;         0;         0;
L3_FPOF_HYD_MODEL                                           ;        10;         8;        16;         8;         0;         0;         0;
L3_FPOF_HYD_GPLELAM_CI_GRI1                                 ;        10;         8;        16;         8;         0;         0;         0;
L3_FPOF_HYD_GPLELAM_CI_GRI2                                 ;        10;         8;        16;         8;         0;         0;         0;
L3_FPOF_HYD_GPLALON_LAL                                     ;        10;         8;        16;         8;         0;         0;         0;
L3_FPOF_HYD_GPLELAM_CIE_LAM1                                ;        10;         8;        16;         8;         0;         0;         0;
GM_FPOF_HYD_SPLELAM_CIE_LAM2                                ;        10;         2;        16;         8;         0;         0;         0;
L3_FPOF_HYD_GPLALON_OPE2_ARPPHYISBA                         ;        10;         8;        16;         8;         0;         0;         0;
L3_FPOF_HYD_GPLELAM_CI_OPEX                                 ;        10;         8;        16;         8;         0;         0;         0;
L3_FPIN_HYD_MODEL_ARPPHYISBA                                ;        10;         8;        16;         8;         0;         0;         0;
GM_FPOF_HYD_SURFLELAM                                       ;        10;         1;         1;       128;         0;         0;         0;
L3_FCTI_HYD_SL2_VFE_ARPPHYISBA_TSTDFI_FRAN                  ;        30;         8;        16;         8;         0;         0;         0;
L3_FCTI_HYD_SL2_VFE_ARPPHYSFEX_FRAN                         ;        30;         8;        16;         8;         0;         0;         0;
L3_FCTI_HYD_SL2_VFE_ALRPHYISBA_LACE                         ;        30;         8;        16;         8;         0;         0;         0;
L3_FCTI_HYD_SL2_VFD_ALRPHYISBA_OLDLACE                      ;        30;         8;        16;         8;         0;         0;         0;
L3_FCTI_HYD_SL2_VFE_ARPPHYISBA_GRANLMRT                     ;        30;         8;        16;         8;         0;         0;         0;
L3_FCTI_NHE_SL2_VFD_ARPPHYISBA_GRANLMRT                     ;        30;         8;        16;         8;         0;         0;         0;
L3_FCTI_NHQ_SL2_VFD_ARPPHYISBA_GRANLMRT                     ;        30;         8;        16;         8;         0;         0;         0;
L3_FCST_NHE_SL2_VFD_AROPHYSFEX_GWADV2_PCCMAD_AROMALP1300    ;        30;         8;        16;         8;         0;         0;         0;
L3_FCST_NHE_SL2_VFD_AROPHYSFEX_GWADV2_PCC_AROMALP1300       ;        30;         8;        16;         8;         0;         0;         0;
L3_FCST_NHE_SL2_VFD_AROPHYSFEX_GWADV2_PCF_AROMALP1300       ;        30;         8;        16;         8;         0;         0;         0;
L3_FCST_HYD_SL2_VFD_AROPHYSFEX_MAD_AROMALP1300              ;        30;         8;        16;         8;         0;         0;         0;
L3_FCST_HYD_SL2_VFD_AROPHYSFEX_AROMALP1300                  ;        30;         8;        16;         8;         0;         0;         0;
L3_FCST_HYD_SL2_VFD_AROPHYSFEX_REST_AROMALP1300             ;        30;         8;        16;         8;         0;         0;         0;
L3_FCST_NHE_SL2_VFD_AROPHYSFEX_GWADV2_PCCMADIOS_AROMALP1300 ;        30;         7;        16;         8;         1;         8;        16;
L3_FCST_NHE_SL2_VFD_AROPHYSFEX_GWADV2_PCCMADIOSH_AROMALP1300;        30;         7;        16;         8;         1;         8;        16;
L3_FCST_NHE_SL2_VFD_AROPHYSFEX_GWADV2_PCFMAD_AROMALP1300    ;        30;         8;        16;         8;         0;         0;         0;
L3_FCST_NHE_SL2_VFD_AROPHYSFEX_GWADV2_PCFMADIOS_AROMALP1300 ;        30;         7;        16;         8;         1;         8;        16;
L3_FCST_NHQ_SL2_VFD_AROPHYSFEX_GWADV2_PCCMAD_AROMALP1300    ;        30;         8;        16;         8;         0;         0;         0;
L3_FCST_NHQ_SL2_VFD_AROPHYSFEX_GWADV2_PCC_AROMALP1300       ;        30;         8;        16;         8;         0;         0;         0;
L3_FCST_NHQ_SL2_VFD_AROPHYSFEX_GWADV2_PCF_AROMALP1300       ;        30;         8;        16;         8;         0;         0;         0;
L3_FCST_NHQ_SL2_VFD_AROPHYSFEX_GWADV2_PCCMADIOS_AROMALP1300 ;        30;         7;        16;         8;         1;         8;        16;
L3_FCST_NHQ_SL2_VFD_AROPHYSFEX_GWADV2_PCFMAD_AROMALP1300    ;        30;         8;        16;         8;         0;         0;         0;
L3_FCST_NHQ_SL2_VFD_AROPHYSFEX_GWADV2_PCFMADIOS_AROMALP1300 ;        30;         7;        16;         8;         1;         8;        16;
L3_C923_LELAM_FRANCE                                        ;        20;         1;         1;       128;         0;         0;         0;
L3_C923_LELAM_REUNION                                       ;        20;         1;         1;       128;         0;         0;         0;
L3_C923_LELAM_LACE                                          ;        20;         1;         1;       128;         0;         0;         0;
L3_C923_LALON_FRANX01                                       ;        20;         1;         1;       128;         0;         0;         0;
L3_PGDI_LELAM_FRANCE                                        ;        10;         1;         1;       128;         0;         0;         0;
L3_PGDI_LELAM_OC0250                                        ;       180;         1;         1;       128;         0;         0;         0;
L3_C923_LELAM_OC0250                                        ;       240;         1;         1;       128;         0;         0;         0;
L3_PGDS_LELAM_OC0250                                        ;       180;         1;         1;       128;         0;         0;         0;
L3_PGDC_LELAM_OC0250                                        ;        10;         1;         1;         1;         0;         0;         0;
L3_PGDI_LELAM_OC0275                                        ;       180;         1;         1;       128;         0;         0;         0;
L3_C923_LELAM_OC0275                                        ;       240;         1;         1;       128;         0;         0;         0;
L3_PGDS_LELAM_OC0275                                        ;       180;         1;         1;       128;         0;         0;         0;
L3_PGDC_LELAM_OC0275                                        ;        10;         1;         1;         1;         0;         0;         0;
L3_PGDI_LELAM_OC0375                                        ;       120;         1;         1;       128;         0;         0;         0;
L3_C923_LELAM_OC0375                                        ;       240;         1;         1;       128;         0;         0;         0;
L3_PGDS_LELAM_OC0375                                        ;       120;         1;         1;       128;         0;         0;         0;
L3_PGDC_LELAM_OC0375                                        ;        10;         1;         1;         1;         0;         0;         0;
L3_PGDI_LELAM_OC0500                                        ;        40;         1;         1;       128;         0;         0;         0;
L3_C923_LELAM_OC0500                                        ;       120;         1;         1;       128;         0;         0;         0;
L3_PGDS_LELAM_OC0500                                        ;        40;         1;         1;       128;         0;         0;         0;
L3_PGDC_LELAM_OC0500                                        ;        10;         1;         1;         1;         0;         0;         0;
L3_PGDI_LELAM_OC0750                                        ;        40;         1;         1;       128;         0;         0;         0;
L3_C923_LELAM_OC0750                                        ;        60;         1;         1;       128;         0;         0;         0;
L3_PGDS_LELAM_OC0750                                        ;        40;         1;         1;       128;         0;         0;         0;
L3_PGDC_LELAM_OC0750                                        ;        10;         1;         1;         1;         0;         0;         0;
L3_PGDI_LELAM_OC1000                                        ;        40;         1;         1;       128;         0;         0;         0;
L3_C923_LELAM_OC1000                                        ;        60;         1;         1;       128;         0;         0;         0;
L3_PGDS_LELAM_OC1000                                        ;        40;         1;         1;       128;         0;         0;         0;
L3_PGDC_LELAM_OC1000                                        ;        10;         1;         1;         1;         0;         0;         0;
L3_PGDI_LELAM_OC1300                                        ;        40;         1;         1;       128;         0;         0;         0;
L3_C923_LELAM_OC1300                                        ;        60;         1;         1;       128;         0;         0;         0;
L3_PGDS_LELAM_OC1300                                        ;        40;         1;         1;       128;         0;         0;         0;
L3_PGDC_LELAM_OC1300                                        ;        10;         1;         1;         1;         0;         0;         0;
L3_PGDI_LALON_OC0500                                        ;        10;         1;         1;       128;         0;         0;         0;
L3_C923_LALON_OC0500                                        ;       120;         1;         1;       128;         0;         0;         0;
L3_PGDI_LALON_OC0750                                        ;        10;         1;         1;       128;         0;         0;         0;
L3_C923_LALON_OC0750                                        ;        60;         1;         1;       128;         0;         0;         0;
L3_PGDI_LALON_OC1000                                        ;        10;         1;         1;       128;         0;         0;         0;
L3_C923_LALON_OC1000                                        ;        60;         1;         1;       128;         0;         0;         0;
L3_PGDI_LALON_OC1300                                        ;        10;         1;         1;       128;         0;         0;         0;
L3_C923_LALON_OC1300                                        ;        60;         1;         1;       128;         0;         0;         0;
L3_FCST_NHE_SL2_VFD_AROPHYSFEX_GWADV2_PCCMAD_AROMOC0250     ;       480;        44;        32;         4;         0;         0;         0;
L3_FCST_NHE_SL2_VFD_AROPHYSFEX_GWADV2_PCFMAD_AROMOC0250     ;       480;        44;        32;         4;         0;         0;         0;
L3_FCST_NHE_SL2_VFD_AROPHYSFEX_GWADV2_PCCMAD_AROMOC0275     ;       480;        44;        32;         4;         0;         0;         0;
L3_FCST_NHE_SL2_VFD_AROPHYSFEX_GWADV2_PCFMAD_AROMOC0275     ;       480;        44;        32;         4;         0;         0;         0;
L3_FCST_NHE_SL2_VFD_AROPHYSFEX_GWADV2_PCCMAD_AROMOC0375     ;       480;        44;        32;         4;         0;         0;         0;
L3_FCST_NHE_SL2_VFD_AROPHYSFEX_GWADV2_PCFMAD_AROMOC0375     ;       480;        44;        32;         4;         0;         0;         0;
L3_FCST_NHE_SL2_VFD_AROPHYSFEX_GWADV2_PCCMAD_AROMOC0500     ;       360;        24;        32;         4;         0;         0;         0;
L3_FCST_NHE_SL2_VFD_AROPHYSFEX_GWADV2_PCFMAD_AROMOC0500     ;       360;        24;        32;         4;         0;         0;         0;
L3_FCST_NHE_SL2_VFD_AROPHYSFEX_GWADV2_PCCMAD_AROMOC0750     ;       120;        24;        32;         4;         0;         0;         0;
L3_FCST_NHE_SL2_VFD_AROPHYSFEX_GWADV2_PCFMAD_AROMOC0750     ;       120;        24;        32;         4;         0;         0;         0;
L3_FCST_NHE_SL2_VFD_AROPHYSFEX_GWADV2_PCCMAD_AROMOC1000     ;        90;        16;        32;         4;         0;         0;         0;
L3_FCST_NHE_SL2_VFD_AROPHYSFEX_GWADV2_PCFMAD_AROMOC1000     ;        90;        16;        32;         4;         0;         0;         0;
L3_FCST_NHE_SL2_VFD_AROPHYSFEX_GWADV2_PCCMAD_AROMOC1300     ;        60;         8;        32;         4;         0;         0;         0;
L3_FCST_NHE_SL2_VFD_AROPHYSFEX_GWADV2_PCFMAD_AROMOC1300     ;        60;         8;        32;         4;         0;         0;         0;
L3_FCST_NHQ_SL2_VFD_AROPHYSFEX_GWADV2_PCCMAD_AROMOC0500     ;       360;        24;        32;         4;         0;         0;         0;
L3_FCST_NHQ_SL2_VFD_AROPHYSFEX_GWADV2_PCFMAD_AROMOC0500     ;       360;        24;        32;         4;         0;         0;         0;
L3_FCST_NHQ_SL2_VFD_AROPHYSFEX_GWADV2_PCCMAD_AROMOC0750     ;       120;        24;        32;         4;         0;         0;         0;
L3_FCST_NHQ_SL2_VFD_AROPHYSFEX_GWADV2_PCFMAD_AROMOC0750     ;       120;        24;        32;         4;         0;         0;         0;
L3_FCST_NHQ_SL2_VFD_AROPHYSFEX_GWADV2_PCCMAD_AROMOC1000     ;        90;        16;        32;         4;         0;         0;         0;
L3_FCST_NHQ_SL2_VFD_AROPHYSFEX_GWADV2_PCFMAD_AROMOC1000     ;        90;        16;        32;         4;         0;         0;         0;
L3_FCST_NHQ_SL2_VFD_AROPHYSFEX_GWADV2_PCCMAD_AROMOC1300     ;        60;         8;        32;         4;         0;         0;         0;
L3_FCST_NHQ_SL2_VFD_AROPHYSFEX_GWADV2_PCFMAD_AROMOC1300     ;        60;         8;        32;         4;         0;         0;         0;
GM_FCST_HYD_EUL_VFD_ADIAB_TL031U                            ;        10;         2;        16;         8;         0;         0;         0;
GM_FCST_HYD_SL3_VFD_ADIAB_TL031U                            ;        10;         2;        16;         8;         0;         0;         0;
GM_FCST_HYD_SL2_VFD_ADIAB_EXTCLA_VESL_TL031U                ;        10;         2;        16;         8;         0;         0;         0;
GM_FCST_HYD_SL2_VFD_ADIAB_SETTLS_VESL_TL031U                ;        10;         2;        16;         8;         0;         0;         0;
GM_FCST_HYD_SL2_VFD_ADIAB_EXTCLA_XIDT_TL031U                ;        10;         2;        16;         8;         0;         0;         0;
GM_FCST_HYD_SL2_VFD_ADIAB_SETTLS_XIDT_TL031U                ;        10;         2;        16;         8;         0;         0;         0;
GM_FCST_HYD_EUL_VFD_ADIAB_TL030S                            ;        10;         2;        16;         8;         0;         0;         0;
GM_FCTI_HYD_EUL_VFD_ADIAB_TL030S                            ;        10;         2;        16;         8;         0;         0;         0;
GM_FCST_HYD_SL3_VFD_ADIAB_TL030S                            ;        10;         2;        16;         8;         0;         0;         0;
GM_FCTI_HYD_SL3_VFD_ADIAB_TL030S                            ;        10;         2;        16;         8;         0;         0;         0;
GM_FCST_HYD_SL2_VFD_ADIAB_EXTCLA_VESL_TL030S                ;        10;         2;        16;         8;         0;         0;         0;
GM_FCTI_HYD_SL2_VFD_ADIAB_EXTCLA_VESL_TL030S                ;        10;         2;        16;         8;         0;         0;         0;
GM_FCST_HYD_SL2_VFD_ADIAB_SETTLS_VESL_TL030S                ;        10;         2;        16;         8;         0;         0;         0;
GM_FCTI_HYD_SL2_VFD_ADIAB_SETTLS_VESL_TL030S                ;        10;         2;        16;         8;         0;         0;         0;
GM_FCST_HYD_SL2_VFD_ADIAB_EXTCLA_XIDT_TL030S                ;        10;         2;        16;         8;         0;         0;         0;
GM_FCTI_HYD_SL2_VFD_ADIAB_EXTCLA_XIDT_TL030S                ;        10;         2;        16;         8;         0;         0;         0;
GM_FCST_HYD_SL2_VFD_ADIAB_SETTLS_XIDT_TL030S                ;        10;         2;        16;         8;         0;         0;         0;
GM_FCTI_HYD_SL2_VFD_ADIAB_SETTLS_XIDT_TL030S                ;        10;         2;        16;         8;         0;         0;         0;
GM_FCST_HYD_SL2_VFD_ADIAB_SETTLS_XIDT_RW2TLFF_TL030S        ;        10;         2;        16;         8;         0;         0;         0;
GM_FCTI_HYD_SL2_VFD_ADIAB_SETTLS_XIDT_RW2TLFF_TL030S        ;        10;         2;        16;         8;         0;         0;         0;
GM_FCST_HYD_SL2_VFE_ADIAB_SETTLS_NDEC_TL030S                ;        10;         2;        16;         8;         0;         0;         0;
GM_FCTI_HYD_SL2_VFE_ADIAB_SETTLS_NDEC_TL030S                ;        10;         2;        16;         8;         0;         0;         0;
GM_FCST_HYD_SL2_RVFE_ADIAB_SETTLS_NDEC_TL030S               ;        10;         2;        16;         8;         0;         0;         0;
GM_FCTI_HYD_SL2_RVFE_ADIAB_SETTLS_NDEC_TL030S               ;        10;         2;        16;         8;         0;         0;         0;
GM_FCST_HYD_SL2_VFD_ADIAB_SETTLS_XIDT_NDPSFI_TL030S         ;        10;         2;        16;         8;         0;         0;         0;
GM_FCTI_HYD_SL2_VFD_ADIAB_SETTLS_XIDT_NDPSFI_TL030S         ;        10;         2;        16;         8;         0;         0;         0;
GM_FCST_HYD_SL2_VFD_ADIAB_SETTLS_XIDT_SPRTSPQ_TL030S        ;        10;         2;        16;         8;         0;         0;         0;
GM_FCTI_HYD_SL2_VFD_ADIAB_SETTLS_XIDT_SPRTSPQ_TL030S        ;        10;         2;        16;         8;         0;         0;         0;
GM_FCST_HYD_SL2_VFD_ADIAB_SETTLS_XIDT_SPRTGPQ_TL030S        ;        10;         2;        16;         8;         0;         0;         0;
GM_FCTI_HYD_SL2_VFD_ADIAB_SETTLS_XIDT_SPRTGPQ_TL030S        ;        10;         2;        16;         8;         0;         0;         0;
GM_FCST_HYD_SL2_VFD_ADIAB_SETTLS_XIDT_MSLHD_TL030S          ;        10;         2;        16;         8;         0;         0;         0;
GM_FCTI_HYD_SL2_VFD_ADIAB_SETTLS_XIDT_MSLHD_TL030S          ;        10;         2;        16;         8;         0;         0;         0;
GM_FCST_HYD_SL2_VFD_ADIAB_SETTLS_XIDT_SSLHD_TL030S          ;        10;         2;        16;         8;         0;         0;         0;
GM_FCTI_HYD_SL2_VFD_ADIAB_SETTLS_XIDT_SSLHD_TL030S          ;        10;         2;        16;         8;         0;         0;         0;
GM_FCST_HYD_SL2_VFD_ADIAB_SETTLS_XIDT_OSLHD_TL030S          ;        10;         2;        16;         8;         0;         0;         0;
GM_FCTI_HYD_SL2_VFD_ADIAB_SETTLS_XIDT_OSLHD_TL030S          ;        10;         2;        16;         8;         0;         0;         0;
GM_FCST_HYD_SL2_VFD_ADIAB_SETTLS_XIDT_SLHD_TL030S           ;        10;         2;        16;         8;         0;         0;         0;
GM_FCTI_HYD_SL2_VFD_ADIAB_SETTLS_XIDT_SLHD_TL030S           ;        10;         2;        16;         8;         0;         0;         0;
GM_FCST_HYD_SL2_VFD_ADIAB_PCF_NDEC_TL030S                   ;        10;         2;        16;         8;         0;         0;         0;
GM_FCTI_HYD_SL2_VFD_ADIAB_PCF_NDEC_TL030S                   ;        10;         2;        16;         8;         0;         0;         0;
GM_FCST_HYD_SL2_VFE_ADIAB_SETTLS_NDEC_RW2TLFF_RFRIC_TL030S  ;        10;         2;        16;         8;         0;         0;         0;
GM_FCTI_HYD_SL2_VFE_ADIAB_SETTLS_NDEC_RW2TLFF_RFRIC_TL030S  ;        10;         2;        16;         8;         0;         0;         0;
GE_FCST_HYD_SL2_VFD_ECPHY_SI_TCO399                         ;        10;         2;        16;         8;         0;         0;         0;
GE_FCST_HYD_SL2_VFD_ADIAB_SLXYZ_SPLIT_TCO399                ;        10;         2;        16;         8;         0;         0;         0;
GE_FCST_HYD_SL2_VFD_ECPHY_NCOR_TCO399                       ;        10;         2;        16;         8;         0;         0;         0;
GE_FCST_HYD_SL2_VFE_ECPHY_SLRK_TCO399                       ;        10;         2;        16;         8;         0;         0;         0;
GE_FCST_HYD_SL2_VFE_ECPHY_SLXYZ_TCO399                      ;        10;         2;        16;         8;         0;         0;         0;
GM_FCTI_HYD_EUL_VFD_ARPPHYISBA_TL030S                       ;        10;         2;        16;         8;         0;         0;         0;
GM_FCTI_HYD_SL3_VFD_ARPPHYISBA_TL030S                       ;        10;         2;        16;         8;         0;         0;         0;
GM_FCTI_HYD_SL2_VFE_ARPPHYISBA_SETTLS_NDEC_TL030S           ;        10;         2;        16;         8;         0;         0;         0;
GM_FCST_HYD_SL2RK_VFE_ARPPHYISBA_TL107U                     ;        20;         8;        16;         8;         0;         0;         0;
GM_FCTI_HYD_SL2_VFD_ARPPHYISBA_SETTLS_XIDT_NDPSFI_TL030S    ;        10;         2;        16;         8;         0;         0;         0;
GM_FCST_HYD_SL2_VFE_ARPPHYISBA_WENO_TL107U                  ;        20;         8;        16;         8;         0;         0;         0;
GM_FCST_HYD_SL2_VFE_ARPPHYISBA_WENO_CONS_TL107U             ;        20;         8;        16;         8;         0;         0;         0;
GM_FCST_NHE_EUL_VFD_ADIAB_SI_TL030S                         ;        10;         2;        16;         8;         0;         0;         0;
GM_FCTI_NHE_EUL_VFD_ADIAB_SI_TL030S                         ;        10;         2;        16;         8;         0;         0;         0;
GM_FCST_NHE_EUL_VFD_ADIAB_PCF_TL030S                        ;        10;         2;        16;         8;         0;         0;         0;
GM_FCTI_NHE_EUL_VFD_ADIAB_PCF_TL030S                        ;        10;         2;        16;         8;         0;         0;         0;
GM_FCST_NHQ_EUL_VFD_ADIAB_SI_TL030S                         ;        10;         2;        16;         8;         0;         0;         0;
GM_FCTI_NHQ_EUL_VFD_ADIAB_SI_TL030S                         ;        10;         2;        16;         8;         0;         0;         0;
GM_FCST_NHQ_EUL_VFD_ADIAB_PCF_TL030S                        ;        10;         2;        16;         8;         0;         0;         0;
GM_FCTI_NHQ_EUL_VFD_ADIAB_PCF_TL030S                        ;        10;         2;        16;         8;         0;         0;         0;
GM_FCST_NHE_SL3_VFD_ADIAB_RDBBC2_TL030S                     ;        10;         2;        16;         8;         0;         0;         0;
GM_FCTI_NHE_SL3_VFD_ADIAB_RDBBC2_TL030S                     ;        10;         2;        16;         8;         0;         0;         0;
GM_FCST_NHQ_SL3_VFD_ADIAB_RDBBC2_TL030S                     ;        10;         2;        16;         8;         0;         0;         0;
GM_FCTI_NHQ_SL3_VFD_ADIAB_RDBBC2_TL030S                     ;        10;         2;        16;         8;         0;         0;         0;
GM_FCST_NHE_SL2_VFD_ADIAB_RDBBC2_SI_TL030S                  ;        10;         2;        16;         8;         0;         0;         0;
GM_FCTI_NHE_SL2_VFD_ADIAB_RDBBC2_SI_TL030S                  ;        10;         2;        16;         8;         0;         0;         0;
GM_FCST_NHE_SL2_VFD_ADIAB_RDBBC2_PCF_TL030S                 ;        10;         2;        16;         8;         0;         0;         0;
GM_FCTI_NHE_SL2_VFD_ADIAB_RDBBC2_PCF_TL030S                 ;        10;         2;        16;         8;         0;         0;         0;
GM_FCST_NHE_SL2_VFD_ADIAB_RDBBC2_PCC_TL030S                 ;        10;         2;        16;         8;         0;         0;         0;
GM_FCTI_NHE_SL2_VFD_ADIAB_RDBBC2_PCC_TL030S                 ;        10;         2;        16;         8;         0;         0;         0;
GM_FCST_NHE_SL2_VFD_ADIAB_GWADV2_SI_TL030S                  ;        10;         2;        16;         8;         0;         0;         0;
GM_FCST_NHE_SL2_VFD_ADIAB_GWADV5_SI_TL030S                  ;        20;         2;        16;         8;         0;         0;         0;
GM_FCTI_NHE_SL2_VFD_ADIAB_GWADV2_SI_TL030S                  ;        10;         2;        16;         8;         0;         0;         0;
GM_FCST_NHE_SL2_VFD_ADIAB_GWADV2_PCF_TL030S                 ;        10;         2;        16;         8;         0;         0;         0;
GM_FCTI_NHE_SL2_VFD_ADIAB_GWADV2_PCF_TL030S                 ;        10;         2;        16;         8;         0;         0;         0;
GM_FCST_NHE_SL2_VFD_ADIAB_GWADV2_PCC_TL030S                 ;        10;         2;        16;         8;         0;         0;         0;
GM_FCTI_NHE_SL2_VFD_ADIAB_GWADV2_PCC_TL030S                 ;        10;         2;        16;         8;         0;         0;         0;
GM_FCST_NHE_SL2_VFE_ADIAB_GWADV2_PCF_TL030S                 ;        10;         2;        16;         8;         0;         0;         0;
GM_FCTI_NHE_SL2_VFE_ADIAB_GWADV2_PCF_TL030S                 ;        10;         2;        16;         8;         0;         0;         0;
GM_FCST_NHE_SL2_VFE_ADIAB_GWADV2_PCC_TL030S                 ;        10;         2;        16;         8;         0;         0;         0;
GM_FCTI_NHE_SL2_VFE_ADIAB_GWADV2_PCC_TL030S                 ;        10;         2;        16;         8;         0;         0;         0;
GM_FCTI_NHE_SL2_VFD_ADIAB_NGWADV2_PCF_TL030S                ;        10;         2;        16;         8;         0;         0;         0;
GM_FCTI_NHE_SL2_VFE_ADIAB_NGWADV2_PCF_TL030S                ;        10;         2;        16;         8;         0;         0;         0;
GM_FCST_NHQ_SL2_VFD_ADIAB_RDBBC2_SI_TL030S                  ;        10;         2;        16;         8;         0;         0;         0;
GM_FCTI_NHQ_SL2_VFD_ADIAB_RDBBC2_SI_TL030S                  ;        10;         2;        16;         8;         0;         0;         0;
GM_FCST_NHQ_SL2_VFD_ADIAB_RDBBC2_PCF_TL030S                 ;        10;         2;        16;         8;         0;         0;         0;
GM_FCTI_NHQ_SL2_VFD_ADIAB_RDBBC2_PCF_TL030S                 ;        10;         2;        16;         8;         0;         0;         0;
GM_FCST_NHQ_SL2_VFD_ADIAB_RDBBC2_PCC_TL030S                 ;        10;         2;        16;         8;         0;         0;         0;
GM_FCTI_NHQ_SL2_VFD_ADIAB_RDBBC2_PCC_TL030S                 ;        10;         2;        16;         8;         0;         0;         0;
GM_FCST_NHQ_SL2_VFD_ADIAB_GWADV2_SI_TL030S                  ;        10;         2;        16;         8;         0;         0;         0;
GM_FCTI_NHQ_SL2_VFD_ADIAB_GWADV2_SI_TL030S                  ;        10;         2;        16;         8;         0;         0;         0;
GM_FCST_NHQ_SL2_VFD_ADIAB_GWADV2_PCF_TL030S                 ;        10;         2;        16;         8;         0;         0;         0;
GM_FCTI_NHQ_SL2_VFD_ADIAB_GWADV2_PCF_TL030S                 ;        10;         2;        16;         8;         0;         0;         0;
GM_FCST_NHQ_SL2_VFD_ADIAB_GWADV2_PCC_TL030S                 ;        10;         2;        16;         8;         0;         0;         0;
GM_FCTI_NHQ_SL2_VFD_ADIAB_GWADV2_PCC_TL030S                 ;        10;         2;        16;         8;         0;         0;         0;
GM_FCST_NHQ_SL2_VFE_ADIAB_GWADV2_PCF_TL030S                 ;        10;         2;        16;         8;         0;         0;         0;
GM_FCTI_NHQ_SL2_VFE_ADIAB_GWADV2_PCF_TL030S                 ;        10;         2;        16;         8;         0;         0;         0;
GM_FCST_NHQ_SL2_VFE_ADIAB_GWADV2_PCC_TL030S                 ;        10;         2;        16;         8;         0;         0;         0;
GM_FCTI_NHQ_SL2_VFE_ADIAB_GWADV2_PCC_TL030S                 ;        10;         2;        16;         8;         0;         0;         0;
GM_FCTI_NHE_EUL_VFD_ARPPHYISBA_SI_TL030S                    ;        10;         2;        16;         8;         0;         0;         0;
GM_FCTI_NHE_EUL_VFD_ARPPHYISBA_PCF_TL030S                   ;        10;         2;        16;         8;         0;         0;         0;
GM_FCTI_NHQ_EUL_VFD_ARPPHYISBA_SI_TL030S                    ;        10;         2;        16;         8;         0;         0;         0;
GM_FCTI_NHQ_EUL_VFD_ARPPHYISBA_PCF_TL030S                   ;        10;         2;        16;         8;         0;         0;         0;
GM_FCTI_NHE_SL3_VFD_ARPPHYISBA_RDBBC2_TL030S                ;        10;         2;        16;         8;         0;         0;         0;
GM_FCTI_NHQ_SL3_VFD_ARPPHYISBA_RDBBC2_TL030S                ;        10;         2;        16;         8;         0;         0;         0;
GM_FCTI_NHE_SL2_VFD_ARPPHYISBA_GWADV2_PCF_TL030S            ;        10;         2;        16;         8;         0;         0;         0;
GM_FCTI_NHE_SL2_VFD_ARPPHYISBA_GWADV2_PCC_TL030S            ;        10;         2;        16;         8;         0;         0;         0;
GM_FCTI_NHQ_SL2_VFD_ARPPHYISBA_GWADV2_PCF_TL030S            ;        10;         2;        16;         8;         0;         0;         0;
GM_FCTI_NHQ_SL2_VFD_ARPPHYISBA_GWADV2_PCC_TL030S            ;        10;         2;        16;         8;         0;         0;         0;
GM_C501_HYD_EUL_VFD_ADIAB_TL031U                            ;        10;         2;        16;         8;         0;         0;         0;
GM_C501_HYD_EUL_VFD_ADIAB_TL030S                            ;        10;         2;        16;         8;         0;         0;         0;
GM_C501_HYD_SL2_VFE_ADIAB_TL031U                            ;        10;         2;        16;         8;         0;         0;         0;
GM_C501_HYD_SL2_VFE_ADIAB_TL030S                            ;        10;         2;        16;         8;         0;         0;         0;
GM_C501_HYD_SL2_VFE_ADIAB_SLHD_TL031U                       ;        10;         2;        16;         8;         0;         0;         0;
GM_C501_HYD_SL2_VFE_ADIAB_SLHD_TL030S                       ;        10;         2;        16;         8;         0;         0;         0;
GM_C401_HYD_EUL_VFD_ADIAB_TL031U                            ;        10;         2;        16;         8;         0;         0;         0;
GM_C401_HYD_EUL_VFD_ADIAB_TL030S                            ;        10;         2;        16;         8;         0;         0;         0;
GM_C401_HYD_SL2_VFE_ADIAB_TL031U                            ;        10;         2;        16;         8;         0;         0;         0;
GM_C401_HYD_SL2_VFE_ADIAB_TL030S                            ;        10;         2;        16;         8;         0;         0;         0;
GM_C401_HYD_SL2_VFE_ADIAB_SLHD_TL031U                       ;        10;         2;        16;         8;         0;         0;         0;
GM_C401_HYD_SL2_VFE_ADIAB_SLHD_TL030S                       ;        10;         2;        16;         8;         0;         0;         0;
GM_C601_HYD_EUL_VFD_ADIAB                                   ;        10;         2;        16;         8;         0;         0;         0;
GM_C601_HYD_EUL_VFD_VSIPHY                                  ;        10;         2;        16;         8;         0;         0;         0;
GM_C601_HYD_SL2_VFE_ADIAB                                   ;        10;         2;        16;         8;         0;         0;         0;
GM_C601_HYD_SL2_VFE_VSIPHY                                  ;        10;         2;        16;         8;         0;         0;         0;
GM_C501_HYD_EUL_VFD_SIM5PHYISBA                             ;        10;         8;        16;         8;         0;         0;         0;
GM_C501_HYD_SL2_VFE_SIM5PHYISBA                             ;        10;         8;        16;         8;         0;         0;         0;
GM_C401_HYD_EUL_VFD_SIM4PHYISBA                             ;        10;         8;        16;         8;         0;         0;         0;
GM_C401_HYD_SL2_VFE_SIM4PHYISBA                             ;        10;         8;        16;         8;         0;         0;         0;
GM_FPOF_HYD_SPGAUSS_L2H                                     ;        10;         8;        16;         8;         0;         0;         0;
GM_FPOF_HYD_SPGAUSS_H2L                                     ;        10;         8;        16;         8;         0;         0;         0;
GM_FPOF_HYD_MODEL                                           ;        10;         8;        16;         8;         0;         0;         0;
GM_FPOF_HYD_GPGAUSS                                         ;        10;         8;        16;         8;         0;         0;         0;
GM_FPOF_HYD_GPLALON_ARPPHYISBA                              ;        30;         8;        16;         8;         0;         0;         0;
GM_FPOF_NHE_GPLALON_ARPPHYISBA                              ;        30;         8;        16;         8;         0;         0;         0;
GM_FPOF_NHQ_GPLALON_ARPPHYISBA                              ;        30;         8;        16;         8;         0;         0;         0;
GM_FPIN_HYD_GPLALON_ARPPHYISBA                              ;        30;         8;        16;         8;         0;         0;         0;
GM_FPIN_NHE_GPLALON_ARPPHYISBA                              ;        30;         8;        16;         8;         0;         0;         0;
GM_FPIN_NHQ_GPLALON_ARPPHYISBA                              ;        30;         8;        16;         8;         0;         0;         0;
GM_FCTI_HYD_SL2_VFE_ARPPHYISBA_SLT_TL798S                   ;        30;         8;        16;         8;         0;         0;         0;
GM_FCTI_HYD_SL2_VFE_ARPPHYISBA_SLT_IOSV_TL798S              ;        30;         7;        16;         8;         1;         8;        16;
GM_FCTI_HYD_SL2_VFE_ARPPHYISBA_FLT_TL798S                   ;        30;         8;        16;         8;         0;         0;         0;
GM_FCTI_HYD_SL2_VFE_ARPPHYISBA_FLT_IOSV_TL798S              ;        30;         7;        16;         8;         1;         8;        16;
GM_FCTI_HYD_SL2_VFE_ARPPHYISBA_SLT_REST_TL798S              ;        30;         8;        16;         8;         0;         0;         0;
GM_FCTI_HYD_SL2_VFE_ARPPHYSFEX_SLT_TL798S                   ;        30;         8;        16;         8;         0;         0;         0;
GM_FCTI_HYD_SL2_VFE_ARPPHYSFEX_WENO_TL798S                  ;        30;         8;        16;         8;         0;         0;         0;
GM_FCTI_HYD_SL2_VFE_ARPPHYSFEX_SLT_IOSV_TL798S              ;        30;         7;        16;         8;         1;         8;        16;
GM_FCTI_HYD_SL2_VFE_ARPPHYSFEX_SLT_REST_TL798S              ;        60;         8;        16;         8;         0;         0;         0;
GM_FCTI_HYD_SL2_VFE_ARPPHYSFEX_SLT_RESTIOS_TL798S           ;        30;         7;        16;         8;         1;         8;        16;
GM_FCTI_HYD_SL2_VFE_ARPPHYSFEX_SLT_TL1198S                  ;        30;        24;        16;         8;         0;         0;         0;
GM_FCTI_HYD_SL2_VFE_ARPPHYSFEX_SLT_IOSV_TL1198S             ;        30;        23;        16;         8;         1;         8;        16;
GM_FCST_HYD_SL2_VFE_PEARP_PHYSFEX_SLT_TL798S                ;        30;         8;        16;         8;         0;         0;         0;
GM_C923_TL798S                                              ;        20;         1;         1;       128;         0;         0;         0;
GM_C923_SFEX_JAN_TL798S                                     ;        20;         1;         1;       128;         0;         0;         0;
GE_C901                                                     ;        10;         1;         1;       128;         0;         0;         0;
GM_FCST_HYD_SL2_VFD_ADIAB_SETTLS_DCMIP200TL239U             ;        20;         4;        16;         8;         0;         0;         0;
GM_FCST_HYD_SL2_VFD_ADIAB_SETTLS_DCMIP400TL179U             ;        20;         2;        16;         8;         0;         0;         0;
GM_FCST_HYD_SL2_VFD_ADIAB_SETTLS_DCMIP210TL319U             ;        20;         8;        16;         8;         0;         0;         0;
GM_FCST_HYD_SL2_VFD_ADIAB_SETTLS_DCMIP410TL799U             ;        20;         8;        16;         8;         0;         0;         0;
GM_FCST_HYD_SL2_VFD_ADIAB_SETTLS_DCMIP410TL2249U            ;        60;       100;        16;         8;         0;         0;         0;
GM_FCST_NHE_SL2_VFD_ADIAB_GWADV2_PCC_DCMIP200TL239U         ;        20;         4;        16;         8;         0;         0;         0;
GM_FCST_NHE_SL2_VFD_ADIAB_GWADV2_PCF_DCMIP200TL239U         ;        20;         4;        16;         8;         0;         0;         0;
GM_FCST_NHE_SL2_VFD_ADIAB_GWADV2_PCC_DCMIP400TL179U         ;        20;         2;        16;         8;         0;         0;         0;
GM_FCST_NHE_SL2_VFD_ADIAB_GWADV2_PCF_DCMIP400TL179U         ;        20;         2;        16;         8;         0;         0;         0;
GM_FCST_NHE_SL2_VFD_ADIAB_GWADV2_PCC_DCMIP210TL319U         ;        20;         8;        16;         8;         0;         0;         0;
GM_FCST_NHE_SL2_VFD_ADIAB_GWADV2_PCF_DCMIP210TL319U         ;        20;         8;        16;         8;         0;         0;         0;
GM_FCST_NHE_SL2_VFD_ADIAB_GWADV2_PCC_DCMIP410TL799U         ;        20;         8;        16;         8;         0;         0;         0;
GM_FCST_NHE_SL2_VFD_ADIAB_GWADV2_PCF_DCMIP410TL799U         ;        20;         8;        16;         8;         0;         0;         0;
GM_FCST_NHE_SL2_VFD_ADIAB_GWADV2_PCC_DCMIP410TL2249U        ;        60;       100;        16;         8;         0;         0;         0;
GM_FCST_NHE_SL2_VFD_ADIAB_GWADV2_PCF_DCMIP410TL2249U        ;        60;       100;        16;         8;         0;         0;         0;
GM_FPMF_HYD_GPLALON_INRD                                    ;        10;         8;        16;         8;         0;         0;         0;
GM_FPMF_HYD_GPLALON_CPRD                                    ;        10;         8;        16;         8;         0;         0;         0;
GM_FPOF_HYD_MODEL_CHANGELEVELS                              ;        10;         2;        16;         8;         0;         0;         0;
GM_FPOF_HYD_MODEL_ADDGPQ                                    ;        10;         2;        16;         8;         0;         0;         0;
GM_FPOF_HYD_MODEL_ADDNHVAR                                  ;        10;         2;        16;         8;         0;         0;         0;
GM_DILA                                                     ;        10;         1;         1;       128;         0;         0;         0;
GM_DILA_HRES                                                ;        10;         1;         1;       128;         0;         0;         0;
GM_RGRI                                                     ;        30;         2;        16;         8;         0;         0;         0;
GM_FPOF_HYD_SPLELAM_OC0250                                  ;        10;         8;        16;         8;         0;         0;         0;
GM_FPOF_HYD_SPLELAM_OC0275                                  ;        10;         8;        16;         8;         0;         0;         0;
GM_FPOF_HYD_SPLELAM_OC0375                                  ;        10;         8;        16;         8;         0;         0;         0;
GM_FPOF_HYD_SPLELAM_OC0500                                  ;        10;         8;        16;         8;         0;         0;         0;
GM_FPOF_HYD_SPLELAM_OC0750                                  ;        10;         8;        16;         8;         0;         0;         0;
GM_FPOF_HYD_SPLELAM_OC1000                                  ;        10;         8;        16;         8;         0;         0;         0;
GM_FPOF_HYD_SPLELAM_OC1300                                  ;        10;         8;        16;         8;         0;         0;         0;
GM_FPOF_HYD_SURFLELAM_OC0250                                ;        10;         8;        16;         8;         0;         0;         0;
GM_FPOF_HYD_SURFLELAM_OC0275                                ;        10;         8;        16;         8;         0;         0;         0;
GM_FPOF_HYD_SURFLELAM_OC0375                                ;        10;         8;        16;         8;         0;         0;         0;
GM_FPOF_HYD_SURFLELAM_OC0500                                ;        10;         8;        16;         8;         0;         0;         0;
GM_FPOF_HYD_SURFLELAM_OC0750                                ;        10;         8;        16;         8;         0;         0;         0;
GM_FPOF_HYD_SURFLELAM_OC1000                                ;        10;         8;        16;         8;         0;         0;         0;
GM_FPOF_HYD_SURFLELAM_OC1300                                ;        10;         8;        16;         8;         0;         0;         0;
GM_PGDI_TL798S                                              ;        40;         1;         1;       128;         0;         0;         0;
GM_C923_SFEX_TL798S                                         ;        40;         1;         1;       128;         0;         0;         0;
GM_PGDS_TL798S                                              ;        40;         1;         1;       128;         0;         0;         0;
GM_PGDC_TL798S                                              ;        10;         1;         1;         1;         0;         0;         0;
GM_FPOF_HYD_SPGAUSS_TL798S                                  ;        10;         8;        16;         8;         0;         0;         0;
GM_FPOF_HYD_SURFGAUSS_TL798S                                ;        10;         8;        16;         8;         0;         0;         0;
GM_FCST_HYD_SL2_VFE_ARPPHYISBA_SI_TL1198C064FR              ;       600;        16;        16;         8;         0;         0;         0;
GM_FCST_NHE_SL2_VFD_ARPPHYISBA_RDBBC2_SI_TL1198C064FR       ;       600;        16;        16;         8;         0;         0;         0;
GM_FCST_NHE_SL2_VFD_ARPPHYISBA_RDBBC2_PCC_TL1198C064FR      ;       600;        16;        16;         8;         0;         0;         0;
GM_FCST_NHE_SL2_VFD_ARPPHYISBA_RDBBC2_PCF_TL1198C064FR      ;       600;        16;        16;         8;         0;         0;         0;
GM_FCST_NHE_SL2_VFD_ARPPHYISBA_GWADV2_PCC_TL1198C064FR      ;       600;        16;        16;         8;         0;         0;         0;
GM_FCST_NHE_SL2_VFD_ARPPHYISBA_GWADV2_PCF_TL1198C064FR      ;       600;        16;        16;         8;         0;         0;         0;
GM_FCST_NHE_SL2_VFE_ARPPHYISBA_GWADV2_PCC_TL1198C064FR      ;       600;        16;        16;         8;         0;         0;         0;
GM_FCST_NHE_SL2_VFE_ARPPHYISBA_GWADV2_PCF_TL1198C064FR      ;       600;        16;        16;         8;         0;         0;         0;
GM_FCST_NHQ_SL2_VFD_ARPPHYISBA_RDBBC2_SI_TL1198C064FR       ;       600;        16;        16;         8;         0;         0;         0;
GM_FCST_NHQ_SL2_VFD_ARPPHYISBA_RDBBC2_PCC_TL1198C064FR      ;       600;        16;        16;         8;         0;         0;         0;
GM_FCST_NHQ_SL2_VFD_ARPPHYISBA_RDBBC2_PCF_TL1198C064FR      ;       600;        16;        16;         8;         0;         0;         0;
GM_FCST_NHQ_SL2_VFD_ARPPHYISBA_GWADV2_PCC_TL1198C064FR      ;       600;        16;        16;         8;         0;         0;         0;
GM_FCST_NHQ_SL2_VFD_ARPPHYISBA_GWADV2_PCF_TL1198C064FR      ;       600;        16;        16;         8;         0;         0;         0;
GM_FCST_NHQ_SL2_VFE_ARPPHYISBA_GWADV2_PCC_TL1198C064FR      ;       600;        16;        16;         8;         0;         0;         0;
GM_FCST_NHQ_SL2_VFE_ARPPHYISBA_GWADV2_PCF_TL1198C064FR      ;       600;        16;        16;         8;         0;         0;         0;
endjob                                                      ;        10;         1;         1;       128;         0;         0;         0;
